model_name,dataset_name,lr,batch_size,best-epoch,best-step,best-dev,jsick,jsts-val,jsts-train,avg,count
studio-ousia/luke-japanese-base-lite,wikipedia,1e-05,128.0,0.0,2739.2,81.18541659827589,80.13920416473785,78.39588186352121,73.035213429887,77.19009981938203,5
studio-ousia/luke-japanese-base-lite,wiki40b,1e-05,64.0,0.0,5273.6,81.28844137503776,80.29130832694166,78.11991932293526,72.91046214324868,77.10722993104187,5
studio-ousia/luke-japanese-base-lite,bccwj,1e-05,64.0,0.0,3686.4,81.0923175794477,80.14550888691099,78.21846226611684,72.93893931006407,77.10097015436398,5
studio-ousia/luke-japanese-base-lite,cc100,3e-05,64.0,0.0,1996.8,80.89676393247314,79.96160007250266,77.75326414769128,72.89555943802515,76.87014121940636,5
