model_name,dataset_name,lr,batch_size,best-epoch,best-step,best-dev,jsick,jsts-val,jsts-train,avg,count
megagonlabs/roberta-long-japanese,bccwj,3e-05,128.0,0.0,4224.0,74.19406671718055,73.98004958207873,69.70501339417953,62.92046612945044,68.8685097019029,5
megagonlabs/roberta-long-japanese,wikipedia,5e-05,128.0,0.0,6067.2,74.60456493439838,74.13819318135491,68.87198269998814,63.18656696845659,68.73224761659988,5
megagonlabs/roberta-long-japanese,wiki40b,3e-05,64.0,0.0,8294.4,74.52521811456513,73.95181463511085,68.71668712218438,63.101232911419814,68.58991155623835,5
megagonlabs/roberta-long-japanese,cc100,1e-05,64.0,0.0,6912.0,73.31953565252073,73.45719804436587,69.4676229621322,62.82758386681691,68.58413495777165,5
