model_name,dataset_name,lr,batch_size,best-epoch,best-step,best-dev,jsick,jsts-val,jsts-train,avg,count
nlp-waseda/roberta-large-japanese,jsnli,1e-05,128.0,0.0,512.0,84.41913697089385,83.07961287245197,82.62955852470286,79.28357916505534,81.6642501874034,5
nlp-waseda/roberta-large-japanese,nu-snli+mnli,5e-05,512.0,0.0,64.0,83.76618540574029,82.71940102481622,82.83438281775246,79.42237739981071,81.65872041412646,5
nlp-waseda/roberta-large-japanese,nu-snli,3e-05,256.0,0.0,179.2,84.52812109180289,83.20813385880894,82.34373290226542,78.90298908004516,81.48495194703983,5
nlp-waseda/roberta-large-japanese,nu-mnli,1e-05,512.0,0.0,96.0,82.61010387471087,82.17715813771295,82.01049829085959,77.9440182487063,80.71055822575961,5
nlp-waseda/roberta-large-japanese,janli,5e-05,64.0,2.0,256.0,84.40595911830535,83.58339933617472,80.61937974525662,75.30150988552434,79.83476298898522,5
