model_name,dataset_name,lr,batch_size,best-epoch,best-step,best-dev,jsick,jsts-val,jsts-train,avg,count
cl-tohoku/bert-base-japanese-char-v3,wiki40b,3e-05,64.0,0.2,13209.6,78.38536572757974,78.18015028263588,77.73510778032991,73.35835902189983,76.42453902828854,5
cl-tohoku/bert-base-japanese-char-v3,wikipedia,5e-05,128.0,0.2,6579.2,77.980974347533,77.93399550435343,77.7782362545255,73.23550757187198,76.3159131102503,5
cl-tohoku/bert-base-japanese-char-v3,bccwj,5e-05,512.0,0.6,2003.2,78.42750605011358,78.46956786488565,77.34345612998172,72.07327364797335,75.96209921428024,5
cl-tohoku/bert-base-japanese-char-v3,cc100,5e-05,64.0,0.0,12390.4,74.99463628475246,75.07288532363246,76.02758498287076,71.31832438766779,74.13959823139034,5
