model_name,dataset_name,lr,batch_size,best-epoch,best-step,best-dev,jsick,jsts-val,jsts-train,avg,count
ku-nlp/deberta-v2-large-japanese,bccwj,1e-05,64.0,0.0,10700.8,75.42419061305722,75.68850501965457,78.6305454971664,74.45003969657705,76.256363404466,5
ku-nlp/deberta-v2-large-japanese,cc100,5e-05,256.0,0.0,2662.4,74.27751010551286,74.70354622916938,78.41267553830491,74.14982364608053,75.75534847118493,5
ku-nlp/deberta-v2-large-japanese,wikipedia,5e-05,128.0,0.0,3865.6,74.61640937778782,75.0890552077838,77.324587337917,73.84637913454316,75.42000722674798,5
ku-nlp/deberta-v2-large-japanese,wiki40b,5e-05,128.0,0.0,4300.8,74.60314220798028,74.94881554694311,77.3362503578704,73.49087157847634,75.25864582776327,5
