model_name,dataset_name,lr,batch_size,best-epoch,best-step,best-dev,jsick,jsts-val,jsts-train,avg,count
studio-ousia/luke-japanese-large-lite,bccwj,5e-05,64.0,0.0,2611.2,78.70710577319207,78.43702658252978,80.07834673550238,75.75285588060743,78.08940973287986,5
studio-ousia/luke-japanese-large-lite,wiki40b,3e-05,64.0,0.0,4659.2,79.01993483024896,78.63866352714524,79.71350899717939,75.60669688967413,77.98628980466624,5
studio-ousia/luke-japanese-large-lite,wikipedia,5e-05,64.0,0.0,6144.0,78.92897226157717,78.33755249489538,79.61369771745753,75.83394387096592,77.92839802777294,5
studio-ousia/luke-japanese-large-lite,cc100,5e-05,64.0,0.0,1689.6,77.93211346806314,77.81916576018342,79.37213875820943,75.57193984355467,77.58774812064918,5
