model_name,dataset_name,lr,batch_size,best-epoch,best-step,best-dev,jsick,jsts-val,jsts-train,avg,count
cl-tohoku/bert-large-japanese-char-v2,jsnli,1e-05,256.0,0.0,256.0,83.63301664694235,82.14229343526745,80.87507247551268,77.97402952063295,80.33046514380436,5
cl-tohoku/bert-large-japanese-char-v2,nu-snli,3e-05,512.0,0.0,102.4,83.27566671456512,82.05012608584309,80.30035262521935,77.65538368712586,80.00195413272942,5
cl-tohoku/bert-large-japanese-char-v2,nu-snli+mnli,1e-05,512.0,0.0,102.4,81.67075154172771,80.7954441054106,79.96236178058345,77.48185644672631,79.41322077757346,5
cl-tohoku/bert-large-japanese-char-v2,janli,3e-05,64.0,3.6,460.8,80.76312397910274,80.19571815390695,77.83780765882912,72.78530672196342,76.93961084489983,5
cl-tohoku/bert-large-japanese-char-v2,nu-mnli,1e-05,512.0,0.0,96.0,76.04482443648143,76.01740647293587,78.40724320971783,75.35501540635218,76.59322169633529,5
