model_name,dataset_name,lr,batch_size,best-epoch,best-step,best-dev,jsick,jsts-val,jsts-train,avg,count
cl-tohoku/bert-base-japanese-char-v2,wikipedia,3e-05,128.0,0.0,4428.8,79.81232996812349,79.45030960132326,76.01513918124205,71.70606076011481,75.7238365142267,5
cl-tohoku/bert-base-japanese-char-v2,wiki40b,1e-05,64.0,0.0,11827.2,79.28622668096128,79.0033730872068,75.59687413340558,71.36045585835379,75.3202343596554,5
cl-tohoku/bert-base-japanese-char-v2,bccwj,3e-05,64.0,0.0,5632.0,80.19973383965993,79.97612412779414,74.90977870860354,69.42261557604773,74.7695061374818,5
cl-tohoku/bert-base-japanese-char-v2,cc100,5e-05,128.0,0.0,3942.4,78.63800191439879,78.53738984930155,73.13045265527528,67.93523396510942,73.20102548989541,5
