model_name,dataset_name,lr,batch_size,best-epoch,best-step,best-dev,jsick,jsts-val,jsts-train,avg,count
cl-tohoku/bert-base-japanese-char-v2,jsnli,1e-05,256.0,0.4,537.6,83.38400578752973,81.95388905395782,78.63788501624487,74.9810670400228,78.52428037007516,5
cl-tohoku/bert-base-japanese-char-v2,nu-snli+mnli,3e-05,512.0,0.0,96.0,82.53888677188984,81.38203953617452,77.02676498985889,74.03130340935614,77.48003597846318,5
cl-tohoku/bert-base-japanese-char-v2,nu-snli,5e-05,256.0,0.0,179.2,83.40803837586975,82.07860427504349,75.37917720262745,72.69525456322921,76.71767868030005,5
cl-tohoku/bert-base-japanese-char-v2,janli,3e-05,64.0,4.0,512.0,80.65413870197418,80.43328041348661,72.59140000150377,68.05432247899016,73.69300096466019,5
cl-tohoku/bert-base-japanese-char-v2,nu-mnli,5e-05,512.0,0.0,64.0,77.1814180053639,76.77154356772897,73.84549997480597,70.22840965603075,73.61515106618856,5
