model_name,dataset_name,lr,batch_size,best-epoch,best-step,best-dev,jsick,jsts-val,jsts-train,avg,count
bert-base-multilingual-cased,nu-snli+mnli,3e-05,512.0,0.0,320.0,82.69083699620708,81.77716478851546,77.59943617599545,74.63668286770664,78.00442794407252,5
bert-base-multilingual-cased,jsnli,1e-05,512.0,2.0,691.2,83.4610105331816,82.11643744192978,76.82473112278149,73.32553683369242,77.42223513280123,5
bert-base-multilingual-cased,nu-snli,1e-05,512.0,1.0,467.2,83.51916753273522,82.39369346323683,75.94468795332385,72.59179687762214,76.97672609806094,5
bert-base-multilingual-cased,janli,1e-05,64.0,8.2,921.6,80.65052217497036,80.81449690395375,72.06113693036767,66.88058909405918,73.2520743094602,5
bert-base-multilingual-cased,nu-mnli,1e-05,512.0,0.0,128.0,77.11897605731058,77.40027238400168,73.29785964783628,68.7870781589389,73.16173673025897,5
