model_name,dataset_name,lr,batch_size,best-epoch,best-step,best-dev,jsick,jsts-val,jsts-train,avg,count
cl-tohoku/bert-large-japanese,wikipedia,5e-05,128.0,0.0,1638.4,79.00750960974011,78.72260396466466,78.15099913411848,74.43769839696601,77.10376716524972,5
cl-tohoku/bert-large-japanese,bccwj,5e-05,64.0,0.0,3993.6,79.28309732238324,79.24896679784925,76.99956585356179,73.31211777573347,76.52021680904816,5
cl-tohoku/bert-large-japanese,wiki40b,5e-05,64.0,0.0,5120.0,78.53870479447757,78.29838345270842,76.73656658390773,72.87179098185022,75.96891367282214,5
cl-tohoku/bert-large-japanese,cc100,5e-05,128.0,0.0,2227.2,76.95656047821399,77.04831847850116,76.09685796475728,71.2832716891123,74.80948271079026,5
