model_name,dataset_name,lr,batch_size,best-epoch,best-step,best-dev,jsick,jsts-val,jsts-train,avg,count
bert-base-multilingual-cased,bccwj,5e-05,128.0,0.2,6195.2,79.12307795050533,78.91687410824034,72.74196643253822,67.08383445151631,72.91422499743162,5
bert-base-multilingual-cased,wiki40b,5e-05,64.0,0.0,11212.8,78.45110338348748,78.2327092011449,72.35506232837216,67.59637356285262,72.72804836412323,5
bert-base-multilingual-cased,wikipedia,3e-05,64.0,0.0,11315.2,78.80776746419212,78.5665664886599,72.08835945926415,67.30221663749705,72.65238086180703,5
bert-base-multilingual-cased,cc100,3e-05,64.0,0.0,10598.4,78.24959228656392,77.91921668815765,71.34317293699749,65.85362575766204,71.70533846093906,5
