model_name,dataset_name,lr,batch_size,best-epoch,best-step,best-dev,jsick,jsts-val,jsts-train,avg,count
megagonlabs/roberta-long-japanese,nu-snli+mnli,5e-05,512.0,0.0,268.8,80.73940713919465,79.8603478999429,77.53372732743489,74.38483844493199,77.25963789076992,5
megagonlabs/roberta-long-japanese,jsnli,1e-05,512.0,1.0,358.4,82.25465174476565,80.76679187014703,76.53936844130631,72.39380388041548,76.56665473062294,5
megagonlabs/roberta-long-japanese,nu-snli,1e-05,512.0,0.0,185.6,81.81663301992079,80.49861719629172,76.40596129035298,72.36054378753961,76.42170742472811,5
megagonlabs/roberta-long-japanese,nu-mnli,3e-05,256.0,0.0,64.0,77.14164618694471,76.39271224921794,73.4743489973977,68.4875400213637,72.78486708932644,5
megagonlabs/roberta-long-japanese,janli,5e-05,256.0,2.0,64.0,78.39786035463203,78.47729848521178,72.21644052408617,66.59970032604856,72.4311464451155,5
