model_name,dataset_name,lr,batch_size,best-epoch,best-step,best-dev,jsick,jsts-val,jsts-train,avg,count
cl-tohoku/bert-base-japanese-v3,jsnli,5e-05,512.0,0.0,96.0,83.6046361895364,82.65848311641712,80.70156730599925,77.33780083975984,80.23261708739206,5
cl-tohoku/bert-base-japanese-v3,nu-snli+mnli,5e-05,512.0,0.0,64.0,82.14641707656052,81.67853444514938,80.41158879455251,77.6811306849457,79.92375130821587,5
cl-tohoku/bert-base-japanese-v3,nu-snli,1e-05,512.0,0.0,198.4,83.23341654784709,82.42544543369107,79.04035980383426,76.18096441057548,79.21558988270027,5
cl-tohoku/bert-base-japanese-v3,nu-mnli,3e-05,128.0,0.2,819.2,74.56472370461516,74.75495157923561,82.46149283628112,79.8415003464186,79.01931492064512,5
cl-tohoku/bert-base-japanese-v3,janli,5e-05,128.0,2.0,128.0,82.2794751914461,82.1143320250666,75.24036959993026,71.14700538567968,76.16723567022551,5
