model_name,dataset_name,lr,batch_size,best-epoch,best-step,best-dev,jsick,jsts-val,jsts-train,avg,count
ku-nlp/roberta-base-japanese-char-wwm,wikipedia,3e-05,64.0,0.0,11008.0,74.01270781214383,73.70514502238213,75.16888403122677,70.58246396474783,73.15216433945224,5
ku-nlp/roberta-base-japanese-char-wwm,wiki40b,5e-05,64.0,0.2,9164.8,72.20707132937778,72.20930702170617,74.68721774918956,69.73427552015062,72.21026676368211,5
ku-nlp/roberta-base-japanese-char-wwm,bccwj,5e-05,64.0,0.0,7424.0,69.82355718047864,70.20392580633526,72.2175124355972,67.83020372558079,70.08388065583775,5
ku-nlp/roberta-base-japanese-char-wwm,cc100,1e-05,64.0,0.0,768.0,68.99697521612823,68.92388112933244,71.61122241097094,65.91957256367562,68.818225367993,5
