model_name,dataset_name,lr,batch_size,best-epoch,best-step,best-dev,jsick,jsts-val,jsts-train,avg,count
cl-tohoku/bert-base-japanese,nu-snli+mnli,1e-05,512.0,0.2,428.8,81.64131158496454,80.9504732147222,79.45976663100564,77.11924289965664,79.1764942484615,5
cl-tohoku/bert-base-japanese,jsnli,5e-05,512.0,0.0,153.6,83.38796260282173,82.43882270906622,78.45937884576918,75.25318119416534,78.71712758300023,5
cl-tohoku/bert-base-japanese,nu-snli,5e-05,512.0,0.0,96.0,82.39137267845835,81.71284409738298,75.6261506234563,73.71742378582317,77.01880616888748,5
cl-tohoku/bert-base-japanese,janli,3e-05,64.0,4.0,512.0,80.1247931699871,80.10196391194779,73.56308806197524,69.4915149946009,74.38552232284131,5
cl-tohoku/bert-base-japanese,nu-mnli,3e-05,512.0,0.0,64.0,76.7892137113875,76.2068937367814,73.58158308122412,70.97719184384735,73.58855622061762,5
