model_name,dataset_name,lr,batch_size,best-epoch,best-step,best-dev,jsick,jsts-val,jsts-train,avg,count
cl-tohoku/bert-base-japanese-v3,bccwj,3e-05,64.0,0.0,8192.0,80.65218322348684,80.1802423991132,79.56037085797509,75.2501425134329,78.33025192350706,5
cl-tohoku/bert-base-japanese-v3,wikipedia,5e-05,64.0,0.0,5580.8,79.77509256716598,78.8900449261055,78.67205119118803,75.10499165665559,77.55569592464971,5
cl-tohoku/bert-base-japanese-v3,wiki40b,5e-05,64.0,0.0,7372.8,79.16574134590171,78.4661929718187,78.70309718847219,74.82432733329547,77.33120583119545,5
cl-tohoku/bert-base-japanese-v3,cc100,3e-05,64.0,0.0,11417.6,78.39326480228992,78.17785483890009,78.71183521556193,74.37911182314886,77.08960062587029,5
