model_name,dataset_name,lr,batch_size,best-epoch,best-step,best-dev,jsick,jsts-val,jsts-train,avg,count
cl-tohoku/bert-large-japanese-v2,wiki40b,3e-05,64.0,0.0,11110.4,79.54364056426836,79.13910382976294,81.00418415270447,77.17603817609744,79.10644205285496,5
cl-tohoku/bert-large-japanese-v2,bccwj,5e-05,64.0,0.0,6041.6,79.59749785791533,79.4545174376195,80.83176656607705,76.70821315372487,78.99816571914047,5
cl-tohoku/bert-large-japanese-v2,wikipedia,5e-05,64.0,0.0,8448.0,79.62643039897424,79.3985324063623,80.2760725302692,77.18438854288107,78.9529978265042,5
cl-tohoku/bert-large-japanese-v2,cc100,5e-05,64.0,0.0,9625.6,76.26309659128519,76.26802025029772,75.9077792225523,71.38830046094013,74.52136664459672,5
