model_name,dataset_name,lr,batch_size,best-epoch,best-step,best-dev,jsick,jsts-val,jsts-train,avg,count
studio-ousia/mluke-base-lite,nu-snli,1e-05,512.0,0.4,300.8,83.79184317479256,82.28727584536946,77.95720561973849,75.31378954785855,78.51942367098884,5
studio-ousia/mluke-base-lite,jsnli,3e-05,512.0,0.0,185.6,83.48410727673797,81.96155453254826,78.4704430697702,74.96620791101752,78.46606850444532,5
studio-ousia/mluke-base-lite,nu-snli+mnli,3e-05,512.0,0.0,140.8,82.58437246116881,81.32888732399132,77.88010353835242,75.23924823843063,78.14941303359146,5
studio-ousia/mluke-base-lite,janli,3e-05,64.0,4.0,512.0,82.76215030812182,82.14413849626384,74.55097928400478,69.94062224513621,75.54524667513495,5
studio-ousia/mluke-base-lite,nu-mnli,3e-05,64.0,0.0,256.0,80.533519451586,79.97064324414494,75.31188341671933,71.16902702462515,75.48385122849648,5
