model_name,dataset_name,lr,batch_size,best-epoch,best-step,best-dev,jsick,jsts-val,jsts-train,avg,count
ku-nlp/deberta-v2-base-japanese,bccwj,3e-05,512.0,0.0,640.0,76.04456305455905,75.7581536514793,77.5103733691137,72.65001558632547,75.30618086897282,5
ku-nlp/deberta-v2-base-japanese,wikipedia,3e-05,256.0,0.0,2137.6,76.0214993602769,75.69443415855423,76.70586079050848,72.1932372760129,74.86451074169187,5
ku-nlp/deberta-v2-base-japanese,wiki40b,5e-05,512.0,0.0,825.6,75.5128728606953,75.22688401576568,76.53700343114707,72.0720066340253,74.61196469364602,5
ku-nlp/deberta-v2-base-japanese,cc100,3e-05,256.0,0.0,2572.8,74.4639698193362,74.19712577818173,76.87393336364441,72.26911572941374,74.44672495707997,5
