model_name,dataset_name,lr,batch_size,best-epoch,best-step,best-dev,jsick,jsts-val,jsts-train,avg,count
xlm-roberta-base,bccwj,1e-05,128.0,0.4,6988.8,79.34536496299879,79.1778251158322,71.1807957228596,67.0539570176625,72.47085928545144,5
xlm-roberta-base,wiki40b,3e-05,64.0,0.2,9523.2,78.70497000328604,78.37001383902209,71.28200164105536,66.62819344071639,72.09340297359795,5
xlm-roberta-base,cc100,5e-05,128.0,0.0,5299.2,78.61817307231553,78.343244175478,70.58411142276006,66.06945924054324,71.66560494626043,5
xlm-roberta-base,wikipedia,3e-05,64.0,0.0,8601.6,78.48821497593413,78.15541742108321,70.64285251056795,66.16258973404493,71.65361988856536,5
