model_name,dataset_name,lr,batch_size,best-epoch,best-step,best-dev,jsick,jsts-val,jsts-train,avg,count
ku-nlp/roberta-large-japanese-char-wwm,wiki40b,3e-05,128.0,0.2,6630.4,76.88558735163615,76.88264201441088,77.52415283900584,72.92628887158328,75.777694575,5
ku-nlp/roberta-large-japanese-char-wwm,wikipedia,5e-05,64.0,0.2,9318.4,78.21927659094204,78.1640658259732,76.63735540889665,71.94170845285012,75.58104322924,5
ku-nlp/roberta-large-japanese-char-wwm,bccwj,1e-05,64.0,0.0,7884.8,77.0428738607919,77.23290221408205,76.57447753499524,71.35423818557855,75.05387264488527,5
ku-nlp/roberta-large-japanese-char-wwm,cc100,5e-05,64.0,0.0,1689.6,73.19904364724628,72.90132351822271,75.34500329182218,70.36856726100487,72.87163135701658,5
