model_name,dataset_name,lr,batch_size,best-epoch,best-step,best-dev,jsick,jsts-val,jsts-train,avg,count
cl-tohoku/bert-base-japanese-v2,jsnli,1e-05,256.0,1.0,601.6,84.19696402979693,83.39329380841399,80.69777496961376,77.03305179332934,80.37470685711902,5
cl-tohoku/bert-base-japanese-v2,nu-snli+mnli,1e-05,512.0,0.0,262.4,83.06701612404729,82.3167927130805,80.90320088949557,77.73488606477324,80.31829322244977,5
cl-tohoku/bert-base-japanese-v2,nu-snli,5e-05,512.0,0.0,128.0,83.9488525620204,83.05610484749666,78.68735888869753,75.3654470314969,79.03630358923036,5
cl-tohoku/bert-base-japanese-v2,nu-mnli,3e-05,512.0,0.0,64.0,79.4539979766009,78.73795817876672,77.8899250284293,74.0924888014791,76.90679066955838,5
cl-tohoku/bert-base-japanese-v2,janli,3e-05,64.0,4.0,512.0,82.44506095535387,82.26672145068926,76.4533258827537,70.98950753401014,76.56985162248436,5
