model_name,dataset_name,lr,batch_size,best-epoch,best-step,best-dev,jsick,jsts-val,jsts-train,avg,count
studio-ousia/luke-japanese-large-lite,nu-snli,1e-05,512.0,0.0,211.2,83.63813300089257,82.56895304724169,82.44813817395533,79.298963406351,81.43868487584935,5
studio-ousia/luke-japanese-large-lite,jsnli,5e-05,512.0,0.0,96.0,83.82292072818441,82.50437739773672,82.23872135680573,78.94157613318848,81.22822496257697,5
studio-ousia/luke-japanese-large-lite,nu-snli+mnli,3e-05,512.0,0.0,64.0,81.79939868692108,80.9624489710206,82.5421326662383,78.69695079128425,80.73384414284772,5
studio-ousia/luke-japanese-large-lite,nu-mnli,1e-05,512.0,0.0,96.0,78.56117480755779,78.30183825153979,81.26130978817932,77.31594705830861,78.95969836600925,5
studio-ousia/luke-japanese-large-lite,janli,5e-05,512.0,4.0,64.0,81.6807239991801,81.3421811572628,79.4088294524699,74.65818868218935,78.46973309730734,5
