model_name,dataset_name,lr,batch_size,best-epoch,best-step,best-dev,jsick,jsts-val,jsts-train,avg,count
xlm-roberta-large,jsnli,1e-05,512.0,1.4,576.0,83.58792416114508,82.04008485088664,79.91194656508365,76.62893656983962,79.5269893286033,5
xlm-roberta-large,nu-snli+mnli,1e-05,512.0,0.2,428.8,81.98953130861385,80.74275569902895,79.89684677131916,77.00484797727333,79.21481681587382,5
xlm-roberta-large,nu-snli,1e-05,256.0,0.8,755.2,83.30684283994046,81.95679698325856,78.90020713573642,75.79409036624388,78.8836981617463,5
xlm-roberta-large,nu-mnli,1e-05,512.0,1.0,364.8,78.65584066124737,77.81366772696204,77.8673502323123,73.85289050078703,76.51130282002046,5
xlm-roberta-large,janli,1e-05,64.0,40.0,4249.6,80.76186323657089,80.3423505522841,75.3804320318555,70.41064575600811,75.3778094467159,5
