model_name,dataset_name,lr,batch_size,best-epoch,best-step,best-dev,jsick,jsts-val,jsts-train,avg,count
cl-tohoku/bert-base-japanese,wikipedia,5e-05,256.0,0.0,2035.2,77.55477407822293,77.40534071913972,76.42284910160528,72.98510880798582,75.60443287624359,5
cl-tohoku/bert-base-japanese,wiki40b,5e-05,256.0,0.0,3033.6,76.93934646495424,76.903875748805,75.92124083473784,72.29084701659028,75.03865453337771,5
cl-tohoku/bert-base-japanese,bccwj,5e-05,512.0,0.0,800.0,77.287966814442,77.19662030272694,74.7023818556294,70.81991152017399,74.23963789284343,5
cl-tohoku/bert-base-japanese,cc100,5e-05,64.0,0.0,1740.8,73.99735563958117,73.74874795759052,71.41208141739301,67.59858312053575,70.91980416517309,5
