model_name,dataset_name,lr,batch_size,best-epoch,best-step,best-dev,jsick,jsts-val,jsts-train,avg,count
studio-ousia/mluke-large-lite,jsnli,1e-05,128.0,0.0,768.0,84.01869165108285,82.33533065724933,80.0102686684636,77.69007478312236,80.01189136961177,5
studio-ousia/mluke-large-lite,nu-snli,1e-05,512.0,0.8,320.0,84.20267261973655,82.59760274944995,79.7761047887444,77.17079772480993,79.84816842100142,5
studio-ousia/mluke-large-lite,nu-snli+mnli,1e-05,512.0,0.0,230.4,82.63108950318247,81.39001793407975,80.01222390482937,77.59232835606691,79.66485673165866,5
studio-ousia/mluke-large-lite,nu-mnli,5e-05,512.0,0.0,96.0,80.66863727162949,80.01150978006775,79.04525983709974,76.06991414863016,78.3755612552659,5
studio-ousia/mluke-large-lite,janli,3e-05,64.0,4.6,563.2,81.29921930144481,80.88121161205868,76.49748231287299,71.66315154011711,76.34728182168291,5
