model_name,dataset_name,lr,batch_size,best-epoch,best-step,best-dev,jsick,jsts-val,jsts-train,avg,count
studio-ousia/mluke-base-lite,wiki40b,5e-05,64.0,0.0,11417.6,80.38077726577487,79.83340553801045,75.31281628530074,70.79258001415522,75.31293394582215,5
studio-ousia/mluke-base-lite,wikipedia,5e-05,64.0,0.0,9932.8,80.3703008709246,79.59788258163917,74.63341345955551,70.30679219677077,74.84602941265516,5
studio-ousia/mluke-base-lite,cc100,1e-05,64.0,0.0,2406.4,80.44188302481396,79.46482180916298,73.95284045868769,69.14249972669637,74.18672066484902,5
studio-ousia/mluke-base-lite,bccwj,5e-05,64.0,0.0,1484.8,79.72287362217524,78.73694158960015,73.4777688269485,68.88913790423786,73.70128277359551,5
