model_name,dataset_name,lr,batch_size,best-epoch,best-step,best-dev,jsick,jsts-val,jsts-train,avg,count
studio-ousia/mluke-large-lite,wikipedia,5e-05,64.0,0.0,14336.0,80.69741274227025,80.1472428231377,78.19259385545311,73.8433638349793,77.39440017119004,5
studio-ousia/mluke-large-lite,bccwj,3e-05,64.0,0.2,14438.4,80.53112507113333,79.87463056760797,77.74992152799084,73.10629339796394,76.91028183118758,5
studio-ousia/mluke-large-lite,wiki40b,3e-05,64.0,0.4,13363.2,80.38414472757637,79.43942506051603,77.65803764031776,73.11005800607506,76.73584023563629,5
studio-ousia/mluke-large-lite,cc100,3e-05,64.0,0.0,7731.2,79.72919028647816,78.71672873608125,76.87482349485909,72.32497813538336,75.97217678877456,5
