model_name,dataset_name,lr,batch_size,best-epoch,best-step,best-dev,jsick,jsts-val,jsts-train,avg,count
cl-tohoku/bert-large-japanese-v2,jsnli,5e-05,512.0,0.0,64.0,83.97232681716915,82.63394218851198,82.97807551426276,79.4414652079912,81.68449430358865,5
cl-tohoku/bert-large-japanese-v2,nu-snli+mnli,3e-05,512.0,0.0,64.0,82.44081368086327,81.87191480398316,82.81401263201916,79.59188461778645,81.42593735126292,5
cl-tohoku/bert-large-japanese-v2,nu-snli,3e-05,512.0,0.0,96.0,83.6248392207995,82.49231343742863,82.33505302482402,79.19598182244998,81.34111609490087,5
cl-tohoku/bert-large-japanese-v2,nu-mnli,5e-05,128.0,0.2,716.8,75.65329165661092,75.3920364546158,83.53296057476737,81.12819244925707,80.01772982621341,5
cl-tohoku/bert-large-japanese-v2,janli,5e-05,256.0,2.8,89.6,81.1040099162047,80.92489284394571,77.98003916256755,73.41243788723366,77.43912329791564,5
