model_name,dataset_name,lr,batch_size,best-epoch,best-step,best-dev,jsick,jsts-val,jsts-train,avg,count
nlp-waseda/roberta-base-japanese,nu-snli,3e-05,512.0,0.0,192.0,82.4393550211582,81.85842034015033,79.55948080920632,76.28767788214306,79.2351930104999,5
nlp-waseda/roberta-base-japanese,jsnli,3e-05,512.0,0.0,179.2,82.9423177844259,81.99777471719736,79.63131221746369,75.65468022572182,79.09458905346096,5
nlp-waseda/roberta-base-japanese,nu-snli+mnli,1e-05,128.0,0.0,512.0,79.67138939210169,79.4248086039983,79.83842122928138,76.75023581632055,78.6711552165334,5
nlp-waseda/roberta-base-japanese,nu-mnli,1e-05,512.0,0.2,179.2,73.7249974741187,73.90099887262724,80.4217849704419,76.59079871896566,76.97119418734493,5
nlp-waseda/roberta-base-japanese,janli,5e-05,64.0,5.0,614.4,80.56384406097686,80.707513938116,70.21111439106748,66.2826078107863,72.4004120466566,5
