model_name,dataset_name,lr,batch_size,best-epoch,best-step,best-dev,jsick,jsts-val,jsts-train,avg,count
ku-nlp/deberta-v2-large-japanese,jsnli,3e-05,512.0,0.2,153.6,79.81290086667754,79.46948792821692,80.29496175143008,77.32304766219211,79.02916578061304,5
ku-nlp/deberta-v2-large-japanese,nu-snli+mnli,1e-05,512.0,0.0,313.6,79.74663131710865,79.16004168227121,79.8241749803218,77.82785838365282,78.93735834874862,5
ku-nlp/deberta-v2-large-japanese,nu-snli,1e-05,512.0,0.2,217.6,81.07218804336587,80.17638332554905,78.67327658803733,76.02154496176884,78.29040162511839,5
ku-nlp/deberta-v2-large-japanese,nu-mnli,3e-05,64.0,0.4,2048.0,71.27707621351003,71.94375270593555,80.29777633187584,77.84897801001367,76.69683568260835,5
ku-nlp/deberta-v2-large-japanese,janli,5e-05,512.0,15.8,211.2,77.55546400525152,77.05483439910356,76.4118857241718,72.12226997465166,75.19633003264234,5
