model_name,dataset_name,lr,batch_size,best-epoch,best-step,best-dev,jsick,jsts-val,jsts-train,avg,count
xlm-roberta-large,wiki40b,1e-05,64.0,0.0,11417.6,81.50159251778176,80.80085610613348,79.09071835511716,74.65534882773429,78.18230776299497,5
xlm-roberta-large,bccwj,1e-05,64.0,0.0,9420.8,81.00477913499579,80.32579777401989,78.66077820688378,73.77258214077328,77.58638604055899,5
xlm-roberta-large,wikipedia,3e-05,64.0,0.0,6912.0,81.51869875193518,80.74151499539168,77.99720976125468,73.81646873453181,77.51839783039273,5
xlm-roberta-large,cc100,5e-05,256.0,0.0,2880.0,80.50227433141009,80.30174024619889,77.87480572415436,72.65999013774857,76.94551203603393,5
