model_name,dataset_name,lr,batch_size,best-epoch,best-step,best-dev,jsick,jsts-val,jsts-train,avg,count
nlp-waseda/roberta-large-japanese,bccwj,3e-05,512.0,0.0,185.6,83.33691141196209,82.93179444740522,81.52809578146521,76.7771512164907,80.4123471484537,5
nlp-waseda/roberta-large-japanese,wikipedia,5e-05,128.0,0.0,1740.8,83.22369559743449,82.68873500353916,81.31141808339804,76.33239689360434,80.11084999351385,5
nlp-waseda/roberta-large-japanese,wiki40b,3e-05,64.0,0.0,2201.6,82.93784059249114,82.55699443801083,81.27806979535349,76.03929402405905,79.95811941914113,5
nlp-waseda/roberta-large-japanese,cc100,3e-05,128.0,0.0,1561.6,82.39428121420403,82.02889711121789,81.39198365907207,76.13746216439856,79.8527809782295,5
