model_name,dataset_name,lr,batch_size,best-epoch,best-step,best-dev,jsick,jsts-val,jsts-train,avg,count
ku-nlp/roberta-base-japanese-char-wwm,nu-snli+mnli,5e-05,512.0,0.0,217.6,81.38224719852909,79.88930846015455,79.65848823879695,77.08949737035617,78.87909802310256,5
ku-nlp/roberta-base-japanese-char-wwm,nu-snli,5e-05,512.0,0.0,140.8,82.82705774838179,80.8585415427614,78.19597610396222,74.7360470700568,77.9301882389268,5
ku-nlp/roberta-base-japanese-char-wwm,jsnli,5e-05,512.0,0.0,160.0,82.79670808107042,80.62212628623796,78.53747152501037,74.34841120749577,77.83600300624803,5
ku-nlp/roberta-base-japanese-char-wwm,janli,1e-05,128.0,10.8,588.8,81.03541803796278,80.31857591074368,75.20686584365225,70.17326250419524,75.23290141953039,5
ku-nlp/roberta-base-japanese-char-wwm,nu-mnli,3e-05,512.0,0.2,140.8,73.69666506795318,72.80844941863153,76.60812443375342,72.40829542079504,73.94162309106,5
