model_name,dataset_name,lr,batch_size,best-epoch,best-step,best-dev,jsick,jsts-val,jsts-train,avg,count
studio-ousia/luke-japanese-base-lite,nu-snli,1e-05,512.0,0.2,281.6,83.1359510094201,81.95961487269741,79.23798494040088,75.93943669745674,79.04567883685168,5
studio-ousia/luke-japanese-base-lite,jsnli,3e-05,512.0,0.0,185.6,82.8944572261212,81.72184369868826,79.33726968842936,75.63941487631749,78.89950942114504,5
studio-ousia/luke-japanese-base-lite,nu-snli+mnli,1e-05,512.0,0.0,172.8,81.68253432651304,80.69672433692199,79.2250079542496,75.53380703111212,78.48517977409456,5
studio-ousia/luke-japanese-base-lite,nu-mnli,1e-05,512.0,0.0,96.0,80.03387727715369,78.86590695052591,78.50667727304132,74.1446311850918,77.17240513621968,5
studio-ousia/luke-japanese-base-lite,janli,3e-05,64.0,2.4,307.2,82.30330251005753,81.89742519437536,77.36993480163373,72.18258728987912,77.1499824286294,5
