model_name,dataset_name,lr,batch_size,best-epoch,best-step,best-dev,jsick,jsts-val,jsts-train,avg,count
cl-tohoku/bert-base-japanese-whole-word-masking,nu-snli+mnli,3e-05,512.0,0.0,243.2,81.05889382903588,80.59584472311367,80.28021526859584,77.6828520797346,79.51963735714803,5
cl-tohoku/bert-base-japanese-whole-word-masking,jsnli,5e-05,512.0,0.0,128.0,83.28947755521222,82.31732299360017,79.01233794091522,75.79130168319375,79.04032087256971,5
cl-tohoku/bert-base-japanese-whole-word-masking,nu-snli,5e-05,512.0,0.0,96.0,82.1038754269946,81.31252862734225,76.98700471722071,74.3382007078042,77.54591135078905,5
cl-tohoku/bert-base-japanese-whole-word-masking,janli,3e-05,128.0,4.0,256.0,81.30580827324084,80.99889990203476,75.61884773159636,70.73975205982083,75.78583323115065,5
cl-tohoku/bert-base-japanese-whole-word-masking,nu-mnli,1e-05,512.0,0.0,96.0,76.530748530498,75.33519291157943,73.92486283954845,70.67963194678718,73.31322923263835,5
