model_name,dataset_name,lr,batch_size,best-epoch,best-step,best-dev,jsick,jsts-val,jsts-train,avg,count
cl-tohoku/bert-base-japanese-char-v3,jsnli,3e-05,512.0,0.0,185.6,82.56505093971361,81.35435670246329,78.61865503121412,75.75110240560105,78.57470471309281,5
cl-tohoku/bert-base-japanese-char-v3,nu-snli+mnli,1e-05,512.0,0.0,236.8,78.97963383853963,78.35073521518305,79.2279413601289,76.27571008767208,77.95146222099469,5
cl-tohoku/bert-base-japanese-char-v3,nu-snli,1e-05,512.0,0.0,268.8,82.4192816643199,81.15249321858934,77.68878158900722,74.63820342918525,77.82649274559392,5
cl-tohoku/bert-base-japanese-char-v3,nu-mnli,5e-05,512.0,0.0,64.0,75.51548091547059,74.70028847288627,76.1199437540175,72.0407145997635,74.28698227555576,5
cl-tohoku/bert-base-japanese-char-v3,janli,3e-05,64.0,8.6,972.8,77.66433474665253,77.1350891963112,75.06906064263372,69.6721585707998,73.95876946991491,5
