model_name,dataset_name,lr,batch_size,best-epoch,best-step,best-dev,jsick,jsts-val,jsts-train,avg,count
ku-nlp/deberta-v2-base-japanese,nu-snli+mnli,1e-05,512.0,0.0,390.4,78.00387505549469,77.7869759192296,79.93393125070384,77.5168918829527,78.41259968429537,5
ku-nlp/deberta-v2-base-japanese,nu-snli,5e-05,512.0,0.0,128.0,80.01263258467887,79.5730086999638,78.7533498273647,75.83527880053191,78.0538791092868,5
ku-nlp/deberta-v2-base-japanese,jsnli,3e-05,512.0,0.6,268.8,81.90413045129415,80.77932233124719,78.38723908100377,74.70563578175322,77.95739906466807,5
ku-nlp/deberta-v2-base-japanese,janli,5e-05,64.0,6.4,716.8,78.81307152994,79.13725529551729,76.54490364843376,71.19852208712453,75.6268936770252,5
ku-nlp/deberta-v2-base-japanese,nu-mnli,3e-05,512.0,0.4,217.6,71.88341908744869,71.76909290903083,78.31314306095923,74.77499665078983,74.95241087359331,5
