model_name,dataset_name,lr,batch_size,best-epoch,best-step,best-dev,jsick,jsts-val,jsts-train,avg,count
cl-tohoku/bert-large-japanese-char-v2,wikipedia,3e-05,64.0,0.0,6400.0,80.82037081549774,80.42050863343604,79.1690841275445,75.60120054950815,78.39693110349623,5
cl-tohoku/bert-large-japanese-char-v2,bccwj,1e-05,64.0,0.0,12697.6,80.38267706655527,80.0435416379701,79.18739597656838,74.56692153279398,77.93261971577748,5
cl-tohoku/bert-large-japanese-char-v2,wiki40b,1e-05,64.0,0.2,14080.0,79.06618995506764,78.72771321511867,79.09630983591885,75.67503159467526,77.8330182152376,5
cl-tohoku/bert-large-japanese-char-v2,cc100,3e-05,64.0,0.0,5120.0,77.6809838382443,77.23585365406709,77.40903055783733,72.69791396203888,75.78093272464777,5
