model_name,dataset_name,lr,batch_size,best-epoch,best-step,best-dev,jsick,jsts-val,jsts-train,avg,count
cl-tohoku/bert-base-japanese-char,wikipedia,3e-05,128.0,0.0,5145.6,78.12979820156156,77.66431641480123,73.54054187993242,69.52365806717252,73.57617212063539,5
cl-tohoku/bert-base-japanese-char,wiki40b,5e-05,128.0,0.0,4531.2,77.2706419266343,76.94415175672088,73.00433899091352,69.25121379921191,73.06656818228211,5
cl-tohoku/bert-base-japanese-char,bccwj,5e-05,512.0,0.0,1408.0,79.02308357440567,78.54854128944933,72.73731898661525,67.65762049260007,72.98116025622156,5
cl-tohoku/bert-base-japanese-char,cc100,3e-05,128.0,0.2,6425.6,76.88530540222246,76.78760692187427,71.92840856846799,67.00133864357825,71.90578471130684,5
