model_name,dataset_name,lr,batch_size,best-epoch,best-step,best-dev,jsick,jsts-val,jsts-train,avg,count
cl-tohoku/bert-large-japanese,jsnli,5e-05,512.0,0.0,96.0,83.69547339550806,82.53849521977483,80.09069375268452,76.49300376566912,79.70739757937615,5
cl-tohoku/bert-large-japanese,nu-snli+mnli,3e-05,512.0,0.0,70.4,82.10091671318972,81.65357028073677,79.24289201414665,77.04586536745656,79.31410922078,5
cl-tohoku/bert-large-japanese,nu-snli,1e-05,512.0,0.0,160.0,83.36668178326002,82.36516319657844,78.59634348100266,75.90257934755167,78.95469534171093,5
cl-tohoku/bert-large-japanese,nu-mnli,5e-05,64.0,0.2,1382.4,76.48893808477716,76.19537337981998,79.88541892403019,77.75897767840914,77.94658999408644,5
cl-tohoku/bert-large-japanese,janli,1e-05,64.0,5.2,614.4,81.46284932717836,81.87906639992863,75.81005887661829,71.27309869296963,76.32074132317219,5
