model_name,dataset_name,lr,batch_size,best-epoch,best-step,best-dev,jsick,jsts-val,jsts-train,avg,count
xlm-roberta-base,nu-snli+mnli,3e-05,512.0,1.0,896.0,80.92206999204339,79.67945162926424,77.79122660764791,75.83276229307157,77.76781350999457,5
xlm-roberta-base,nu-snli,1e-05,512.0,3.0,1017.6,80.40994028379646,78.7228121242524,75.88544688107031,73.56777985773255,76.05867962101841,5
xlm-roberta-base,jsnli,1e-05,512.0,4.8,1484.8,80.28713914250696,78.42102798201684,76.01603287516407,72.53740831240748,75.6581563898628,5
xlm-roberta-base,nu-mnli,5e-05,512.0,1.4,467.2,74.48878193828577,73.97445613633104,74.90952451153215,71.75194611259272,73.54530892015198,5
xlm-roberta-base,janli,1e-05,256.0,37.8,998.4,79.20299741482043,78.86664807383593,69.66994845587274,65.11176248359291,71.21611967110053,5
