model_name,dataset_name,lr,batch_size,best-epoch,best-step,best-dev,jsick,jsts-val,jsts-train,avg,count
cl-tohoku/bert-base-japanese-v2,wikipedia,1e-05,128.0,0.2,5452.8,80.5092508225641,79.75526633094401,77.77504284155555,73.07007525348101,76.86679480866017,5
cl-tohoku/bert-base-japanese-v2,bccwj,3e-05,64.0,0.0,3584.0,80.88704221468444,80.26816255060312,77.61413750786278,72.50250405213278,76.79493470353289,5
cl-tohoku/bert-base-japanese-v2,wiki40b,1e-05,128.0,0.2,6041.6,80.24718529754212,79.71571236902525,77.64654683258723,72.75386384851691,76.70537435004313,5
cl-tohoku/bert-base-japanese-v2,cc100,5e-05,128.0,0.0,1612.8,78.35453792296161,77.88300527454535,75.71787341866387,70.5735381500403,74.72480561441651,5
