model_name,dataset_name,lr,batch_size,best-epoch,best-step,best-dev,jsick,jsts-val,jsts-train,avg,count
cl-tohoku/bert-base-japanese-whole-word-masking,wiki40b,1e-05,64.0,0.0,11264.0,77.52135565992731,77.37191849573912,77.13635510919337,73.23380663822246,75.91402674771832,5
cl-tohoku/bert-base-japanese-whole-word-masking,wikipedia,3e-05,64.0,0.0,5529.6,77.70193897796167,77.23255826034635,76.12851539515347,72.53353879870649,75.29820415140212,5
cl-tohoku/bert-base-japanese-whole-word-masking,bccwj,5e-05,64.0,0.0,2150.4,78.16802870050704,77.38361250481833,75.44179604535313,71.52372242615675,74.78304365877607,5
cl-tohoku/bert-base-japanese-whole-word-masking,cc100,1e-05,64.0,0.0,5222.4,74.72533023597234,73.96700156039682,72.44965372886199,68.39471466029227,71.6037899831837,5
