model_name,dataset_name,lr,batch_size,best-epoch,best-step,best-dev,jsick,jsts-val,jsts-train,avg,count
ku-nlp/roberta-large-japanese-char-wwm,jsnli,1e-05,256.0,0.0,281.6,83.29730454769306,81.86761107687903,80.90360893212547,77.53795399049076,80.10305799983175,5
ku-nlp/roberta-large-japanese-char-wwm,nu-snli,1e-05,256.0,0.0,243.2,82.95787430333384,81.51771154610596,80.73680951366549,77.71753604558033,79.99068570178393,5
ku-nlp/roberta-large-japanese-char-wwm,nu-snli+mnli,3e-05,512.0,0.0,89.6,80.68257729826169,79.7935174670394,80.84772004895986,77.79126203382299,79.47749984994076,5
ku-nlp/roberta-large-japanese-char-wwm,janli,1e-05,128.0,4.0,256.0,81.97087893141483,81.27594754282067,77.36023117068464,72.54788201827911,77.06135357726149,5
ku-nlp/roberta-large-japanese-char-wwm,nu-mnli,1e-05,128.0,0.0,128.0,76.2193232506989,75.35326722507591,76.10193507671993,72.50000370291946,74.6517353349051,5
