model_name,dataset_name,lr,batch_size,best-epoch,best-step,best-dev,jsick,jsts-val,jsts-train,avg,count
cl-tohoku/bert-base-japanese-char,jsnli,1e-05,512.0,1.6,595.2,82.8918471092717,81.39910548479897,77.7931540702339,74.3506411934283,77.8476335828204,5
cl-tohoku/bert-base-japanese-char,nu-snli+mnli,5e-05,512.0,0.0,332.8,81.3319228225669,80.12725278282414,77.99744997251767,75.27019161580041,77.79829812371409,5
cl-tohoku/bert-base-japanese-char,nu-snli,1e-05,512.0,0.8,326.4,82.49838319358449,81.01877292318181,75.03615358548873,71.95321296412124,76.00271315759726,5
cl-tohoku/bert-base-japanese-char,nu-mnli,5e-05,512.0,0.0,64.0,77.89046590504375,76.70155696683756,72.79094718949679,68.76013734923,72.75088050185477,5
cl-tohoku/bert-base-japanese-char,janli,5e-05,512.0,7.0,96.0,79.643663158087,78.71215702882716,71.82462108148783,67.43254446343492,72.65644085791664,5
